LocationID,lisa_q,lisa_p,lisa_I
11001000902,3,0.001,1.3787523444827
11001007404,1,0.001,2.4805144994431734
11001007202,3,0.013,1.100989482091919
11001009603,1,0.001,3.185810904036711
11001009601,1,0.001,2.176628167630591
11001001803,0,0.433,-0.1230486145000445
11001009507,0,0.238,0.053980487933255696
11001009203,3,0.036,0.18772586308666236
11001007807,1,0.001,2.3421049900048554
11001000702,3,0.001,1.4196329902966678
11001003302,0,0.307,0.2543325623339406
11001005001,3,0.001,1.7249749343784095
11001006700,3,0.001,2.0110738242040678
11001009000,1,0.001,0.2921559883153721
11001000703,3,0.001,1.53475309989508
11001007803,1,0.001,3.021123010728283
11001000704,3,0.001,1.561025357296729
11001005202,3,0.001,1.7366508917856547
11001009102,0,0.437,-0.06769928535598102
11001005503,3,0.001,0.6435628587938569
11001001902,0,0.497,0.014010362660849906
11001008804,0,0.107,0.2937950332709601
11001009400,2,0.016,-0.2506904522012696
11001008001,3,0.001,1.3796316417365353
11001009508,0,0.231,-0.07424639807880502
11001009510,0,0.215,0.4478245824545644
11001008701,0,0.269,0.2349407493607032
11001002702,3,0.017,0.6952554029386399
11001007804,1,0.001,3.806072521159248
11001001401,3,0.001,1.5776947302382929
11001005601,3,0.001,0.9691665744898809
11001007301,2,0.001,-1.3026847887596145
11001009802,1,0.001,4.5589182633948155
11001005602,3,0.001,0.9687338461933481
11001007708,1,0.002,1.3236083773095157
11001001402,3,0.001,1.1852709267037633
11001001100,3,0.001,1.3006149030562886
11001006600,3,0.001,2.0102361950816303
11001009504,0,0.128,-0.012051246342491422
11001009801,1,0.001,6.2452600430153815
11001007409,1,0.001,6.759311466413445
11001005302,3,0.001,2.1831732240170334
11001005303,3,0.001,1.928113069363669
11001005501,3,0.001,1.4349386638675197
11001003701,3,0.001,1.3241523236855353
11001004600,0,0.482,0.03178441268247053
11001004704,4,0.001,-5.276256051781879
11001004300,3,0.001,2.1497199097901136
11001007000,3,0.001,1.415450705841698
11001000904,3,0.001,1.4323912540726638
11001001004,3,0.001,1.120027410265817
11001002600,3,0.002,0.8111967774464607
11001006802,0,0.336,-0.11230698458105583
11001000501,3,0.001,1.99057989464874
11001008200,3,0.001,2.1235406488699002
11001000201,4,0.001,-3.029762774818506
11001009302,0,0.1,-0.27012301551988777
11001000600,3,0.001,1.6676438654283794
11001008802,0,0.492,-0.015929039357534595
11001004402,3,0.001,1.420652925740218
11001006801,0,0.338,0.12091323207477844
11001008904,0,0.407,-0.0846191784767211
11001002301,0,0.37,0.06787229132592712
11001005801,0,0.268,0.14876922244218443
11001007808,1,0.001,3.5564919050854034
11001008402,3,0.001,1.1528752671565246
11001007604,1,0.001,1.5240542091010154
11001002503,0,0.051,0.6044429911369791
11001007709,1,0.006,1.617132166224163
11001001200,3,0.001,1.6332304634884935
11001004100,3,0.001,1.6821653347537353
11001007806,1,0.001,1.7847233064387162
11001003801,3,0.001,2.1439563054181083
11001004401,3,0.001,1.5515814495569717
11001008803,0,0.067,-0.052097348879267556
11001001304,3,0.001,1.924380130468848
11001009700,1,0.001,3.5147768035495224
11001001002,3,0.001,1.4209433276621053
11001008410,3,0.001,1.2431951059070163
11001005003,3,0.001,1.2076874361205945
11001007603,2,0.001,-0.14199381356911417
11001003901,3,0.001,1.5209995414373734
11001002703,3,0.015,0.8327322855506164
11001003400,3,0.001,0.5372350689550323
11001009602,1,0.003,4.289595557490159
11001008100,3,0.001,2.230487674905699
11001008301,3,0.001,2.1285251463490673
11001001303,3,0.001,1.3075400946557902
11001007502,1,0.001,3.38544212299637
11001006900,3,0.001,1.5417348799112096
11001000903,3,0.001,1.0750888141890091
11001000400,3,0.001,1.2008869296896352
11001007504,1,0.001,3.6590960126046537
11001002302,0,0.188,0.01567725918629221
11001000502,3,0.001,1.8375769594887637
11001002501,3,0.023,0.5850981519063791
11001001600,3,0.014,0.5842975363502962
11001007403,1,0.001,8.418533349851797
11001002202,0,0.372,0.010124984645527618
11001001301,0,0.093,0.5476387194390823
11001000804,3,0.001,1.5393981079744437
11001004801,3,0.001,0.8057707526666104
11001000300,3,0.01,0.8608547007063664
11001008702,0,0.196,0.350428712247736
11001009511,0,0.431,-0.38439162128369614
11001002704,3,0.007,0.6090620285777333
11001007201,0,0.464,0.02490734498243093
11001000202,3,0.005,0.7953945147271008
11001001702,0,0.381,-0.06606483367011814
11001004202,3,0.001,1.9564234432198142
11001003100,0,0.149,0.49890429754843696
11001007408,1,0.001,6.821568659830013
11001007809,1,0.001,2.6985852384507694
11001002001,0,0.4,-0.2585405329390595
11001007401,0,0.483,-0.10333495908848696
11001003802,3,0.001,1.533665794826729
11001004702,0,0.397,0.16368158276549402
11001000803,3,0.001,1.243227952247133
11001004201,3,0.001,2.0060162832090356
11001003600,3,0.021,0.6672218364082068
11001009201,0,0.108,-0.2790385315296573
11001001003,3,0.001,1.2317285734711503
11001009604,1,0.001,1.3566656679468412
11001007707,1,0.001,2.3654890688401773
11001002801,3,0.037,0.13767229207563042
11001002504,3,0.004,0.39094031664642226
11001002002,0,0.314,0.14328416513277425
11001001901,0,0.316,0.001335731533391734
11001004703,0,0.258,-0.046014883846385767
11001004802,0,0.393,-0.04977653419367753
11001006804,0,0.305,0.6736582538593618
11001009503,1,0.046,0.02594465809592149
11001008903,0,0.27,-0.3511469802560116
11001007703,1,0.003,2.1411214488567727
11001002802,4,0.016,-0.3691229076284198
11001007903,0,0.06,-0.060812555722016326
11001008302,3,0.001,2.111502428519865
11001003200,4,0.032,-0.06904715809498213
11001001804,0,0.269,0.18862551102948336
11001007100,4,0.002,-0.3402108809030406
11001007407,1,0.001,3.6579134196241254
11001002900,0,0.1,0.2305935368793014
11001009301,0,0.051,-0.3700972809889357
11001007901,0,0.24,-0.16506610953566214
11001000102,3,0.013,0.9188729036324299
11001000101,3,0.001,1.846694637685198
11001005502,3,0.001,1.7922767670528676
11001003702,4,0.001,-0.3752135914895093
11001008002,3,0.001,1.114053655288666
11001004002,3,0.001,2.2625412320415528
11001005203,3,0.001,1.5355217809854362
11001006400,0,0.078,-0.621679224736614
11001005004,4,0.001,-0.10936800866063288
11001005900,0,0.28,0.26285202642669103
11001007406,1,0.001,4.381356664717076
11001007605,1,0.001,2.2597965244516405
11001002101,0,0.287,-0.03607749670735725
11001002201,3,0.049,0.24939396167267094
11001001500,3,0.042,0.5413671497240347
11001004001,3,0.001,2.338950252056501
11001007203,0,0.062,0.6167630736031781
11001002400,0,0.069,0.26145991434332005
11001002102,0,0.455,7.618851155861896e-07
11001009505,0,0.485,0.008333064368163985
11001006500,3,0.001,1.1772806361162849
11001000802,3,0.006,0.8249820706817177
11001005802,3,0.005,0.9438785306544385
11001009509,2,0.007,-0.6553507295338689
11001007601,1,0.03,1.2033340691342174
11001003902,3,0.001,1.676170695877891
11001007503,1,0.001,2.103476928218312
11001004902,3,0.008,0.9245941457104258
11001009204,4,0.022,-1.1012248803535576
11001003000,0,0.152,-0.022418404127124366
11001007304,1,0.001,4.653459290705064
11001003500,3,0.005,0.7329921937601422
11001003301,0,0.052,0.7381827781654134
11001004901,3,0.001,0.5482643732186178
11001009803,1,0.001,4.15795723551285
11001010400,1,0.001,2.8134862187265854
11001010800,4,0.001,-0.8930303811323093
11001009804,1,0.001,3.7455130051354026
11001011100,1,0.003,1.1763513664379044
11001010603,0,0.22,0.4680290061162969
11001010300,0,0.393,-0.04282328447469863
11001011002,0,0.404,0.11080107702394328
11001009905,1,0.001,1.579188740451748
11001009810,1,0.001,4.366504550411391
11001010602,0,0.149,0.3810642262409248
11001009807,1,0.001,2.066684990642415
11001010100,3,0.001,1.6122812539089317
11001980000,3,0.009,0.8784466634742346
11001009904,1,0.001,2.742867909222978
11001010700,3,0.001,1.3821831457130187
11001009902,1,0.002,0.6760379356971516
11001010201,3,0.023,0.8366907780293957
11001011001,3,0.006,0.44151589230723903
11001009907,1,0.001,3.229127158763477
11001009901,2,0.001,-0.5579388221817589
11001010900,0,0.318,0.35214539367710135
11001010202,3,0.001,0.6656533152604943
11001009906,1,0.001,1.3634512272618666
11001009811,1,0.001,4.8496482939566175
11001010500,3,0.003,0.23831698348761948
11001010601,0,0.143,0.43651346888085796
11001009903,1,0.001,0.20753675967682772
24031700318,0,0.09,0.3600581958429908
24031700613,0,0.09,0.333809343925996
24031700838,3,0.001,0.7572826936540324
24031701219,0,0.368,-0.04910556884397914
24031701303,0,0.06,-0.5223731812687235
24031701307,0,0.078,0.4263759897130804
24031701424,0,0.107,0.139967564666422
24031701508,1,0.046,0.6229667386995085
24033800105,0,0.057,0.1297605584315438
24033800403,0,0.46,0.010372906489321087
24033800409,0,0.484,0.004224170590838247
24033800504,0,0.358,0.017320796001759696
24033800515,0,0.498,-0.01452899354821321
24033800521,0,0.187,0.13065112156715028
24033800705,1,0.043,0.18361088263187228
24033800900,0,0.16,0.3027403785424213
24033801106,2,0.006,-0.230106242905242
24033801307,0,0.4,0.009186743365919545
24033801600,1,0.001,4.461625351662941
24033801904,1,0.01,0.7271866278546233
24033802301,1,0.001,2.5030713571282663
24033803521,2,0.003,-0.22905633555603347
24033803524,1,0.001,1.0490577564839139
24033803605,1,0.003,1.5055581745600255
24033804101,1,0.001,1.4327992184986675
24033807410,1,0.048,0.8332105885180519
24017850905,0,0.066,0.03915211118637169
24017850712,0,0.162,0.258336729203679
24021751905,0,0.385,-0.04612866192958147
24021751903,0,0.231,0.056300080107273526
24021751702,0,0.382,0.01882156688557612
24021751003,0,0.057,0.4905873274121734
24017850400,0,0.143,0.43779148714055405
24021750805,0,0.123,-0.17285038410926346
24021752206,0,0.427,0.05840954935854089
24021751001,0,0.098,0.06597718533568246
24021750801,0,0.261,0.08354462888465668
24021751203,0,0.18,0.05584044079523625
24021740200,0,0.256,-0.0217701311941255
24021751801,0,0.23,0.09194922676207107
24021751902,0,0.415,-0.018242510967188052
24021750508,0,0.061,0.38770640318491356
24009860902,0,0.116,0.22077626356613803
24017850801,0,0.056,0.6747223846449786
24021752201,0,0.118,-0.06259780903360128
24009861003,0,0.105,0.1769763590093436
24009860701,0,0.085,0.27290816649482347
24021751600,0,0.194,0.1804249273839694
24021752101,0,0.139,0.1471642282784496
24017851003,0,0.109,-0.0862525076564479
24021752601,0,0.159,-0.10476471259423638
24009860402,0,0.283,0.020803380101643135
24017850710,0,0.064,0.031039807663182272
24009860501,0,0.217,-0.023692214166035626
24009860600,0,0.186,0.07608401450496546
24021752303,0,0.296,-0.019702878799875118
24017850706,0,0.102,0.07719935230891664
24021750300,0,0.158,0.19333857673459348
24021751202,2,0.036,-0.09252615589457883
24021750701,0,0.385,0.03658709822732402
24021752602,0,0.171,-0.011849136788771265
24017850500,0,0.126,0.22004497634675002
24021750804,0,0.079,-0.25156040345521885
24009860403,0,0.432,0.0010975658059509906
24021750507,0,0.212,0.4105751948141265
24017850709,0,0.055,0.08538946373197205
24017851401,0,0.086,0.41002570887988127
24021752501,0,0.453,-0.003923732556220718
24009860702,0,0.164,0.3314828430717874
24021751906,0,0.147,0.022644592750246405
24021750702,0,0.333,0.1215914153409529
24017851302,0,0.121,0.07453643685781004
24021751904,0,0.481,0.012801849793026716
24021750504,1,0.027,0.5331983835412843
24009860801,0,0.096,0.1399438814143757
24017851004,0,0.121,0.2688849396345483
24017850708,0,0.104,0.10490396949702296
24017851200,0,0.167,0.2809055490802261
24009861100,0,0.098,0.11628316076614066
24017850902,0,0.082,0.2687755791610548
24009860703,0,0.168,0.21659901255365258
24009860300,0,0.285,0.023607109463364508
24017850802,1,0.049,0.2555888222965199
24021750200,2,0.049,-0.07363334889485443
24021751301,0,0.37,0.027593378940400617
24017850711,0,0.117,0.44749863586320593
24017851001,0,0.168,0.06072313981102696
24009860200,0,0.199,-0.09299944138644005
24021751002,0,0.171,0.2300048149402156
24009860502,0,0.142,0.0203318015045203
24017851501,0,0.05,0.04350574669131065
24021751302,0,0.302,0.08038243610121105
24021750506,0,0.071,0.19142345951628553
24021752001,0,0.398,0.013896728796821483
24021752301,0,0.101,-0.14443577267055752
24021750802,0,0.188,-0.09234058292397204
24017851403,1,0.029,0.13311199609973826
24017850904,0,0.105,-0.050272689260307445
24021750600,2,0.039,-0.32648317679166083
24017851100,0,0.176,0.07352186065892106
24009861004,0,0.11,0.1898538509714554
24021750505,0,0.076,0.44862751109852783
24021752302,0,0.444,-0.0004884152498702098
24021752202,0,0.24,0.14906588630133472
24021750100,0,0.072,0.2875539020722047
24009860404,0,0.368,0.010444675554371298
24017850201,0,0.264,0.02250052067222858
24017850600,1,0.046,0.05490360881688622
24017850102,0,0.132,0.21190978058822665
24017851402,0,0.053,0.09367537668692487
24017851502,0,0.062,0.2771121244208775
24017850901,0,0.136,0.520829313286048
24021751701,0,0.236,-0.16133996770735
24009860901,0,0.117,0.02501481416678388
24021752205,0,0.242,0.20345647247820314
24021752102,0,0.145,0.12994177494290765
24017850713,0,0.127,0.09033459129188393
24021752502,0,0.377,-0.0008597368144748592
24021751802,0,0.364,0.01764150562773913
24017850202,0,0.24,0.22614023465374938
24017850101,0,0.31,-0.002519522014035586
24021752603,0,0.159,-0.08579423830240429
24009860103,0,0.262,-0.0331548402705348
24017850300,0,0.262,0.16298990717454281
24021751004,2,0.017,-0.23101979386861032
24017851301,0,0.202,0.25881402570854495
24017850906,0,0.091,0.3166584339238107
24021751201,0,0.157,-0.1273043938331825
24031704805,3,0.001,0.9932464005158055
24031700832,0,0.202,0.15933833469134426
24031704502,3,0.001,1.1319795689184309
24033800516,0,0.319,-0.016656156473368215
24033800513,0,0.462,-3.69297562461309e-05
24021752802,0,0.307,-0.01667486034286767
24031701422,0,0.339,0.052214046256674494
24033800402,0,0.496,-0.01143239719356179
24031700713,1,0.037,1.0058279215804975
24031706008,3,0.001,1.3555347332411016
24031701220,3,0.001,1.1830199034011828
24031702402,0,0.137,0.19484634705682727
24031703221,2,0.048,-0.2985885641317032
24031700811,0,0.171,0.10226792112289235
24031704000,3,0.048,0.1538764579782073
24031700829,0,0.281,-0.15734813161406225
24033800217,0,0.053,0.15202629916332294
24031701221,3,0.001,0.5690476403889471
24031700710,0,0.13,0.2970855698469985
24033800606,0,0.209,-0.002057446002705138
24031705903,3,0.001,1.4497687913368884
24031701222,3,0.001,0.9948130919976783
24031701001,0,0.174,0.07739510882124191
24031703301,0,0.133,0.07223628737988533
24033800218,0,0.111,0.6366862077683215
24031700204,0,0.117,0.005381895280460724
24031703501,0,0.326,0.06484642198290202
24031701425,1,0.027,0.0650138919943307
24033800212,0,0.051,0.008001431232501403
24033800410,0,0.481,0.009235596148046286
24031700902,0,0.247,-0.05083821515069257
24031706013,3,0.001,1.0073235511553877
24031701102,0,0.451,-0.0008723049170845405
24033800505,0,0.294,-0.014104066126327218
24033800511,0,0.415,0.011782617230556628
24033800206,1,0.035,0.1472786935720934
24031700901,0,0.097,0.10644039931802494
24031700728,0,0.122,-0.020134356637382635
24031703223,0,0.165,-0.1649534458188039
24031701704,2,0.03,-0.24458641086555713
24031706005,3,0.001,1.143429668224867
24031701409,0,0.378,-0.03518479913122936
24031703502,3,0.027,0.20872073388145373
24031704600,3,0.001,1.3920802184647034
24033800520,0,0.326,0.03912285005582545
24031700606,3,0.001,0.6163823282834419
24031703601,0,0.188,-0.15563377246673948
24031701004,3,0.021,0.31221251590152554
24031705901,3,0.001,1.2047588488191237
24031700718,0,0.319,0.12904660224499198
24031701414,0,0.287,-0.005467680792107838
24031700309,0,0.29,0.05807838978873608
24031700818,0,0.43,0.026352815558592948
24031701315,3,0.018,0.29597126541318614
24031703902,0,0.15,-0.06707702807954175
24033800412,1,0.016,0.7513490935733339
24031701201,0,0.194,-0.0721278757941785
24031700611,0,0.437,0.07149769867545616
24033800519,0,0.338,0.002584591781864207
24031705100,3,0.001,0.954534887033145
24031700207,4,0.032,-0.03491175553256456
24031700101,0,0.299,0.10476196676246395
24031703401,1,0.019,0.46022560423831
24031703402,1,0.009,0.10319270612876251
24031703403,1,0.026,0.31391502366637564
24031700824,3,0.004,0.8629803490385973
24031702602,3,0.002,0.5567933631885439
24021767600,1,0.036,0.2351861672442206
24031701006,3,0.004,0.8022542977757906
24031701306,3,0.006,0.7019714776760566
24031703210,0,0.224,0.2048940744505001
24021752900,1,0.029,0.42958700230885805
24031703215,1,0.048,0.4512702287585857
24031700308,0,0.227,0.09303844941647338
24031703207,0,0.175,0.16903579365392518
24031704403,3,0.001,0.8943070789785091
24031701308,0,0.26,0.1580780327275789
24031701314,0,0.097,0.43652995536592476
24031701703,2,0.001,-0.03832383444186078
24031700731,1,0.02,1.0859127785104505
24033800609,0,0.319,0.09722606255896113
24031704200,3,0.016,0.5646497666227711
24031701216,3,0.013,0.7258446582928225
24031701211,0,0.227,0.24211260027741097
24031705200,3,0.001,1.040697959757047
24033800210,0,0.076,0.4469223243887002
24031701418,0,0.077,-0.12454641864180828
24031700905,0,0.122,0.38372645665732885
24031703209,0,0.449,0.0055979250730994155
24033800706,1,0.036,0.5940781959769122
24031700730,0,0.078,0.06708108882994483
24031704100,3,0.001,0.8597087948313608
24031700815,0,0.441,-0.0379242112519153
24033800216,2,0.042,-0.17712016428590785
24031700733,0,0.051,0.19809227600904522
24031700314,0,0.197,0.2996984612608393
24031700723,1,0.006,0.5112291589056397
24031700209,3,0.022,0.2752168145347208
24031703602,0,0.206,0.2677362171549749
24031706009,3,0.001,1.1597395394817385
24031700820,0,0.368,0.07844386321869841
24033800109,1,0.029,0.9734670415819936
24031700726,1,0.01,0.2562884248756887
24031705602,3,0.001,0.6872226488240791
24031701701,0,0.413,-0.0012649754425134833
24031705902,3,0.001,1.465715458781176
24031700833,0,0.391,0.027564888044477653
24031700812,0,0.11,0.14925723677736344
24033800701,2,0.011,-0.24433505398034305
24031702301,0,0.071,0.34283342461497673
24031701316,3,0.037,0.24814712034643177
24031703201,0,0.052,-0.08033370533890734
24031706007,3,0.001,1.2402408772378588
24031702604,3,0.001,0.5965926966523271
24021773500,0,0.499,-0.018200251331887577
24031703208,0,0.369,-0.05197634264341597
24031700400,0,0.144,0.12918390541440586
24033800211,1,0.028,0.40667419331396126
24031701408,0,0.337,0.01484285609661632
24033800518,0,0.392,-0.010518489639011556
24031701312,3,0.047,0.30558679255602816
24033800203,0,0.177,0.04568244586708666
24031703222,0,0.13,0.25129885174503847
24031701205,3,0.007,0.8286678426643512
24031701002,3,0.001,0.690465966926587
24031705601,3,0.001,1.168799846739315
24031702800,3,0.029,0.7643878951404425
24031702501,3,0.028,0.8228074493628931
24033800103,1,0.025,0.9330227115397846
24031700103,0,0.118,0.26534123607014826
24031701800,0,0.199,-0.046997727148840415
24031700317,3,0.022,0.4323484426514282
24031701407,0,0.443,-0.013698361280265036
24031705300,3,0.001,1.4864779886951107
24031700732,0,0.117,0.5824124552077092
24031704300,3,0.001,1.01131033270162
24031700813,0,0.071,0.10488896021373798
24031701215,3,0.001,0.6859275204940571
24031705400,3,0.001,1.244364108989719
24031701509,1,0.006,1.1529564028362993
24031701218,0,0.08,0.22149059055970224
24031700210,0,0.136,0.41756725755288737
24031701602,1,0.001,2.815419677946475
24031701202,3,0.036,0.6955500775180534
24031700822,0,0.488,-0.03185028824439779
24031701417,0,0.322,0.03915214358087394
24031704804,3,0.001,1.3452573732775126
24021767500,1,0.041,0.5048717139302288
24021765100,0,0.128,0.289377775232698
24031701507,0,0.385,0.08835596346147903
24031700725,1,0.01,1.2662314789672016
24031700615,3,0.001,0.9651476335479865
24031701317,3,0.019,0.34954317577368527
24031700729,0,0.062,0.18021261102397634
24031701304,3,0.008,0.4680116717984522
24031703216,1,0.037,1.1123505559740818
24031701214,3,0.001,1.096143922316848
24033800209,1,0.01,1.05179237950414
24031701900,1,0.018,1.6288011555015882
24031704501,3,0.002,1.0061840783692326
24031700616,3,0.001,1.0854130103475879
24031700836,3,0.001,1.1747629482583717
24031701212,0,0.187,0.20752584645604716
24031703206,2,0.029,-0.3384770347353048
24031700310,0,0.345,0.020676269689200964
24031700306,0,0.459,0.04240900323844205
24031705000,3,0.001,1.2524866588847487
24021775302,0,0.179,-0.021867916910256798
24031700810,0,0.206,-0.06446013990231649
24031706010,3,0.001,1.0453916812480286
24031704803,3,0.001,1.1925307261701925
24031702700,4,0.001,-0.07553518084028918
24031703213,1,0.018,1.2230972350642557
24031701427,0,0.269,-0.07538973702115444
24031703100,0,0.119,-0.014402338955123554
24031700206,0,0.082,0.29392797793435954
24031700604,3,0.002,0.8545147698398321
24031700104,0,0.294,-0.018384969972875757
24031702503,3,0.004,0.5614454459729891
24033800401,0,0.455,-0.0023281580910251053
24031700315,3,0.035,0.5978912912670158
24031701313,0,0.18,0.1520829127895371
24033800517,0,0.272,-0.014636746987926098
24031705800,3,0.001,1.2889993353100913
24033800411,0,0.179,0.004252465032548829
24031700105,0,0.194,-0.09360147829427894
24031702000,1,0.001,4.308810768012871
24031700828,3,0.001,1.263525294958456
24031700839,0,0.177,0.39324109395531837
24031701426,0,0.313,0.0007409884083057478
24031701702,0,0.076,0.06878079787167173
24021775400,0,0.499,-0.018361344010874765
24031700715,0,0.136,0.15772480700598449
24031703214,1,0.044,0.9052116606935217
24031703218,0,0.057,0.37705314794189815
24033800607,0,0.332,0.05111936628107954
24033800213,1,0.018,0.17109494781764606
24031705702,3,0.001,1.1096742642784005
24031702101,1,0.008,1.2653437969835994
24031706012,3,0.001,0.14524918647345472
24033800108,1,0.021,0.3905772246749344
24031702302,0,0.066,-0.05982609489036035
24031700904,0,0.108,-0.11311787825805493
24031701423,0,0.349,0.04882395539766063
24033800608,0,0.19,-0.06718745009349208
24031701005,3,0.01,0.5016651048086685
24031704404,3,0.001,1.0815844058096913
24031700724,1,0.041,0.9373860151429705
24031701007,3,0.003,0.7736922483239582
24031702102,0,0.236,-0.25999840107061706
24021770700,0,0.21,0.044791393008768624
24021753001,1,0.031,0.3923574565566509
24031700316,3,0.027,0.12240713995781234
24031700614,0,0.408,-0.0022251847808833123
24031700903,0,0.166,-0.13551427875865615
24033800408,0,0.131,0.06960829447855299
24031706011,3,0.001,1.0586933539590468
24031701210,3,0.001,1.1660239717298184
24031700720,0,0.058,-0.06034437655216924
24031700826,3,0.003,0.9192439616939587
24031701206,3,0.003,0.9776554201955945
24031703404,0,0.132,0.5936347854322186
24033800522,0,0.263,-0.06567259373685155
24031702603,3,0.032,0.5827993527730049
24031700610,0,0.431,0.06836777091317882
24033800102,1,0.021,0.5137195853482887
24031703302,0,0.05,0.6677878012745481
24031705501,3,0.001,1.0654527195634338
24031700721,0,0.074,0.2757626159472965
24031700835,0,0.408,-0.029950626566751598
24031700617,3,0.001,1.112879120209952
24031703800,0,0.468,-0.001268390928631209
24031703702,0,0.143,0.1533884577878686
24021753002,0,0.065,0.7156410710089635
24031704806,3,0.001,1.5322912071633914
24021766800,1,0.033,0.6322080594635822
24031700608,3,0.001,0.9983247054022116
24031701101,0,0.316,0.004818354442218942
24031701503,0,0.29,0.004257013820575768
24031700313,0,0.391,0.06182026877170634
24031701506,0,0.479,0.0019945665418469156
24031700837,0,0.388,-0.05567494225312161
24033800413,1,0.031,0.1734771249946838
24033800605,0,0.096,0.06893186744410822
24031701415,0,0.315,0.050459328227824306
24033800106,0,0.06,0.21277238917738597
24031703000,0,0.085,0.31995092199533237
24031704503,3,0.001,1.1367311334768497
24031700208,0,0.076,0.0739230052005888
24033800704,0,0.12,0.1627966419490413
24031701601,1,0.001,1.28534242278654
24031701505,0,0.066,0.2645058402778292
24031700711,2,0.028,-0.49393460252193855
24031700834,0,0.396,0.055642383534835096
24031703901,0,0.134,0.20167951307101883
24031705701,3,0.001,1.1089486648059403
24031701223,3,0.001,1.2156594669651068
24031703202,2,0.033,-0.24786588443018842
24031703701,0,0.114,0.6845567570334821
24033800507,0,0.406,0.010970340861362412
24031700727,1,0.02,1.2865226395005678
24031700500,0,0.171,0.14974512817951707
24031700706,0,0.305,-0.020641444184286185
24031700618,3,0.001,1.1965095899316218
24021772200,0,0.205,0.5800470193901531
24031704401,3,0.001,1.0857202393961423
24031705502,3,0.001,0.8767007170708611
24031702900,3,0.005,0.8810514829131197
24031703220,1,0.023,0.2744770807081923
24031700830,0,0.294,-0.06780047698973317
24021775600,0,0.295,-0.08678193112326683
24031702200,0,0.135,-0.19263796414330875
24031704700,3,0.001,1.4051666934582234
24031700823,0,0.119,0.17702064544552912
24033800514,0,0.345,-0.041103209589738274
24021752801,0,0.111,0.16619264973105147
24031702401,0,0.063,-0.4458465055243784
24031703219,1,0.04,0.833814951307397
24031702502,3,0.04,0.22220513388646929
24031700819,0,0.175,-0.1151523940156336
24033801411,1,0.013,0.4437746767591493
24033801907,1,0.006,2.260527474691331
24033801213,1,0.012,0.9940070000022312
24033801305,1,0.02,0.6716664833057916
24033800800,0,0.243,0.1261964403582559
24033805906,1,0.001,4.204561821986116
24033806706,1,0.006,0.7829811209464139
24033806400,2,0.006,-0.43297990337632025
24033801908,1,0.001,1.9360119028293505
24033802803,1,0.002,1.9905119059803797
24033805907,1,0.001,3.3847007527185164
24033801407,1,0.006,0.45667304265735476
24033801704,1,0.001,2.944297651437848
24033805909,2,0.001,-0.15623636104192928
24033806501,1,0.002,3.351817554829214
24033801310,0,0.136,0.04984233227906669
24033802408,1,0.003,1.543800859706674
24033802404,1,0.001,3.7686296480457084
24033806800,1,0.007,0.512737300294718
24033803527,0,0.211,0.1536910502680072
24033803610,1,0.004,1.6553081694071992
24033801701,1,0.003,1.186267935387246
24033802107,1,0.006,1.7257408267981214
24033801217,1,0.013,1.1102131050947657
24033803900,1,0.001,5.257355925879652
24033803601,1,0.008,0.808721180668417
24033801807,1,0.001,2.224098122040765
24033801707,1,0.001,4.329488875656432
24033801905,1,0.006,0.41365656763758646
24033805908,1,0.008,0.4131450977384661
24033801409,1,0.008,0.8578205808991994
24033805904,1,0.001,3.745703455079405
24033807405,1,0.023,0.3884608589179682
24033805500,1,0.001,5.385362851800037
24033806000,1,0.008,1.4502922709515653
24033803606,1,0.009,1.641635390147721
24033807000,1,0.012,0.8694709333901112
24033806711,1,0.021,0.740526129119294
24033805202,1,0.008,2.2018160801705626
24033802407,1,0.001,2.3598436527536806
24033801408,1,0.002,0.9791511047796924
24033804801,1,0.048,0.7662254737894375
24033807404,1,0.008,0.905102055290962
24033802502,1,0.003,1.4769985258840037
24033801802,1,0.001,1.4995497013092185
24033801404,0,0.119,0.13859137700255633
24033801313,0,0.08,0.19741870820101343
24033802002,1,0.002,0.7809275245777368
24033802103,1,0.001,3.203230036045711
24033802804,1,0.003,1.9659863903061943
24033803403,1,0.002,3.040887440305832
24033801216,1,0.009,1.3377277508185375
24033803602,1,0.002,2.9208367530401738
24033806708,1,0.014,0.35751603669421667
24033804001,1,0.001,3.287443255995029
24033801906,1,0.008,1.0843992757438665
24033806100,1,0.006,0.08889628506385597
24033801410,0,0.351,-0.11089409615443983
24033804900,0,0.063,1.0796924305473172
24033807409,1,0.044,0.9043248943490385
24033806710,2,0.007,-0.011760139320945355
24033801702,1,0.002,2.7173747114344073
24033807301,1,0.003,0.18544550259057066
24033805700,1,0.001,5.873975194064789
24033803612,1,0.002,1.7216937185701215
24033805802,1,0.002,2.8217952195790375
24033803519,1,0.006,0.3360415012174819
24033801709,1,0.002,2.9827993968366813
24033803508,1,0.002,3.183036516277006
24033801901,1,0.006,0.8691751481078493
24033803528,0,0.195,0.08025287978528806
24033803608,1,0.008,1.3984097073764536
24033801209,1,0.014,0.675977468032044
24033804802,1,0.007,1.5550345959652638
24033803525,1,0.002,2.4931037525595365
24033801312,0,0.136,0.16820708223463768
24033803520,0,0.151,0.09772948815196678
24033804400,1,0.008,1.4645081946681275
24033806712,1,0.019,0.9070846173800083
24033980000,1,0.022,1.6813542699335093
24033803509,1,0.001,2.75134478033512
24033803001,1,0.002,3.7158682400081324
24033802106,1,0.004,1.66479711649331
24033801405,1,0.005,1.9843874512653765
24033801302,0,0.302,-0.05675070593502811
24033807304,1,0.004,0.9237136074534313
24033802600,1,0.004,1.9839532169490903
24033803613,1,0.002,1.4333063130990689
24033803512,0,0.147,0.1183580613903767
24033801105,1,0.024,0.2951187362117286
24033801005,1,0.024,0.36418614730511634
24033802201,1,0.004,0.38568910537448287
24033803514,2,0.025,-0.17887809222483209
24033803526,0,0.19,0.13791849572186854
24033807407,0,0.118,0.3826038274089872
24033807305,1,0.002,2.754217455952599
24033801210,1,0.012,0.9840078809243251
24033801311,0,0.067,0.032735541414442695
24033801308,0,0.298,0.03638562756481025
24033801809,1,0.001,3.4334504191934982
24033802204,1,0.005,1.2368112867181469
24033805602,1,0.001,7.767900711139987
24033806900,1,0.009,0.6588993285883038
24033806713,0,0.06,0.89640556046928
24033806602,1,0.001,2.8282277442222505
24033806714,1,0.014,1.2996936014524854
24033804300,1,0.006,1.6107880545533995
24033806601,1,0.001,3.68182176712681
24033801211,1,0.009,0.7391583288096374
24033805201,0,0.068,0.7380521592286093
24033801214,0,0.072,0.8386565690931347
24033801801,1,0.001,2.929722699408361
24033801406,1,0.02,0.7646096247863923
24033805101,1,0.001,3.835772318464002
24033802001,1,0.003,1.4875461388192337
24033802104,1,0.002,1.991123498903116
24033803513,0,0.114,0.2431647766175054
24033803002,1,0.001,2.410604619119272
24033801207,1,0.037,0.6833881163584377
24033801003,0,0.053,0.3375072553387195
24033807500,1,0.001,1.121918150997623
24033802203,1,0.001,2.311146900659644
24033802700,1,0.001,2.2531634977828077
24033803801,1,0.001,2.690030702677234
24033802805,1,0.001,1.9533952605932379
24033801808,1,0.001,2.669277918015643
24033801309,0,0.157,-0.008821281305702497
24033803300,1,0.001,1.7816788087808644
24033805601,1,0.001,8.108658857067821
24033803700,1,0.001,2.067718241854149
24033801215,1,0.018,0.2594672592127306
24033801004,0,0.053,0.4643860241520325
24033801006,1,0.033,0.02477183476986328
24033807408,0,0.056,0.23535035790946607
24033801500,1,0.002,1.5185778464045636
24033804002,1,0.001,3.3305351907522036
24033803100,1,0.001,2.7598881085622042
24033805801,1,0.001,3.6138396775442243
24033807102,2,0.002,-0.03643026220347256
24033803200,1,0.002,1.8800785917619278
24033803803,1,0.001,2.136078465924021
24033804700,1,0.021,0.13916264794128705
24033802405,1,0.012,0.9587920333516069
24033805000,1,0.006,0.7686379823550387
24033802901,1,0.001,2.7172943332930584
24033804102,1,0.002,1.8347851042274985
24033801208,1,0.012,0.4901546927803358
24033802501,1,0.024,1.2686358995395859
24033801212,1,0.024,0.7293753643935539
24033804200,2,0.001,-0.183604405772311
24033804600,1,0.014,1.7844920390253158
24033803607,1,0.034,0.47697288204493804
24033800707,0,0.096,0.4577764397084548
24033802406,1,0.002,1.5010338354354473
24033803516,0,0.129,0.01565136094899378
51153900100,2,0.01,-0.47769777912375094
51153900504,1,0.024,1.7879337726948032
51153900701,0,0.084,0.06445502572025538
51153900804,0,0.202,-0.07306846762753501
51153901011,0,0.293,-0.010664891588576707
51153901203,0,0.064,0.13335037339989222
51177020106,1,0.041,0.35664222409894364
51177020108,1,0.045,1.0338889310670933
51610500200,0,0.164,0.2946864875113672
51177020202,0,0.096,0.36767675498717867
51177020204,0,0.06,0.3102270227875685
51177020304,1,0.034,0.2867115179262067
51179010205,0,0.44,-0.0137183156195883
51685920202,0,0.091,0.1004650964336341
51059420203,3,0.049,0.48999346072471606
51059420201,0,0.054,0.42492788352489486
51059416100,0,0.278,-0.12340473550143519
51059415300,0,0.307,-0.034436883473899
51013101601,0,0.062,0.7339701429126573
51013101805,3,0.001,1.3131147943872825
51013101801,3,0.001,1.6485286461979811
51047930501,1,0.011,0.8115769594005293
51013101602,3,0.001,0.3259992322514089
51013101701,3,0.001,1.0116856133547552
51059420800,0,0.185,0.15129348789265953
51047930203,1,0.013,0.2764926757561503
51059415100,0,0.46,-0.011803922815215515
51013102301,0,0.313,0.022380247691015445
51059415700,0,0.35,0.13102534761094978
51059416200,0,0.359,-0.05908765672241643
51059420100,0,0.116,0.07088001080653604
51013100300,3,0.002,0.5703243846829521
51047930204,1,0.01,0.7124091797209972
51059420503,3,0.028,0.5372073775886537
51013103404,3,0.001,1.2022867109846849
51013101603,3,0.001,1.0134720352324995
51047930202,1,0.014,1.2401090879945051
51013101503,3,0.001,1.3339641500148915
51013102803,0,0.438,0.03813560249177438
51013101406,3,0.001,1.5579040603909162
51059415900,0,0.453,0.041678410946835207
51013101703,3,0.001,0.903464811762358
51013103504,3,0.001,1.3491722023014536
51059420501,3,0.01,0.24335726552854417
51059421200,0,0.231,0.23474855804102557
51013102400,0,0.065,0.34204230683914744
51013102002,3,0.001,0.7841430752360619
51013101405,3,0.001,1.4111632740619442
51013101000,0,0.088,0.37916744930438684
51013103200,0,0.051,0.5584528426153704
51013102802,0,0.051,0.5153022520581046
51059421101,0,0.173,0.3013461076124683
51013102001,3,0.001,0.09922924043012962
51013100100,3,0.001,0.7499076374285029
51059415600,0,0.39,0.1402864704734479
51013101704,3,0.001,1.0948195417958706
51059421300,0,0.209,-0.14804843501052842
51013101200,0,0.286,0.15845488306208938
51013101407,3,0.001,1.283629361642113
51013102903,3,0.001,1.1022479697999843
51059421400,0,0.377,0.08199422702874286
51013102600,0,0.054,0.2206406574124007
51013101501,3,0.001,1.1603311870254
51043010300,0,0.063,0.05607069801280659
51013101502,3,0.001,1.3453770396925906
51059421102,0,0.054,0.2534697606506308
51013102904,3,0.001,0.5675743356145564
51047930300,1,0.02,1.2208061290811447
51013103300,3,0.001,0.7426769937051522
51059420300,0,0.08,0.32224519829798914
51013100700,3,0.001,0.7000978080257864
51059420202,0,0.063,0.5410997272127654
51013102003,4,0.002,-0.24852484958898263
51013103100,3,0.004,0.5496407411983266
51043010101,0,0.081,0.48768431135886364
51013102701,0,0.213,-0.32040942727575444
51013103602,3,0.001,0.931430700492325
51013103405,3,0.001,1.3756335791837422
51013103700,0,0.098,0.4465231422046196
51013102804,0,0.456,0.01264582007965539
51013101705,3,0.002,0.948325386401403
51013102702,0,0.131,0.28646368215401624
51013101408,3,0.001,1.270040616428451
51013102302,0,0.439,-0.015363950431439035
51059415500,0,0.418,-0.00953941997409342
51013102100,0,0.498,0.0005512468376195412
51059415200,3,0.023,0.489358387791284
51059420400,3,0.019,0.7020578422111814
51047930103,1,0.043,0.45697184478263136
51013103601,3,0.001,1.2743540998238874
51059415800,0,0.25,0.20184350594395722
51013102200,0,0.496,-0.01099489108376814
51013100600,3,0.001,0.9811240069391431
51013101803,3,0.002,0.7870779934789741
51013101402,3,0.001,1.3310370282824302
51013103503,3,0.001,1.2044990174670418
51013101100,0,0.147,0.46027597114592084
51013101401,3,0.001,1.0815058346259534
51047930400,1,0.026,1.2736440228045613
51059421001,0,0.101,0.3035006591110081
51047930101,1,0.015,0.7867902864848901
51013103403,0,0.068,0.6070279051028072
51047930502,1,0.011,0.7972989477275877
51013103000,3,0.002,1.1606110160984995
51013103505,3,0.001,0.2663156036935947
51059421002,0,0.114,-0.20530662628665075
51013102500,3,0.01,0.6675286433082942
51059420600,3,0.011,0.039800737232023285
51013101409,3,0.001,1.0726441076013038
51013103501,3,0.002,1.1747097256198793
51013100200,3,0.005,0.5552650984032643
51013101900,3,0.001,1.2941798366838662
51047930104,1,0.026,0.13982066202422533
51059416000,0,0.199,0.07532122630865186
51013103401,4,0.002,-0.18986547432387746
51059420700,0,0.109,0.17268048745842612
51059420502,3,0.005,0.0478093433010632
51013102901,3,0.011,0.8436483432122152
51059416300,0,0.384,-0.023819425951850423
51043010200,1,0.024,0.19661542545198069
51013100900,3,0.002,0.6288201360516272
51013101300,3,0.02,0.7045562479893805
51013103800,0,0.126,0.28891308253801823
51013100400,3,0.001,1.0839164896663702
51059421103,0,0.176,0.2027005372680792
51013100500,3,0.002,0.7390093450373922
51059415401,0,0.328,0.20008814336037406
51013100800,3,0.002,0.38663819684563255
51043010102,0,0.051,0.023180703673174805
51013101804,3,0.001,0.17163374934823356
51059415402,0,0.298,-0.08396125322858125
51059421500,0,0.13,0.6559073046667373
51059440300,0,0.394,-0.06365727425255449
51059491405,0,0.122,0.4307943737858009
51059430101,0,0.074,0.5120866630193232
51059430500,0,0.39,0.043731401377380505
51059421600,0,0.128,0.36429925269656993
51059471201,3,0.001,1.4024353304226245
51059480204,3,0.001,1.3629271250751527
51059480302,3,0.001,0.9222525710326113
51059482301,0,0.119,0.4537645834046678
51059471402,0,0.167,-0.19391904561021095
51061930401,0,0.191,0.17958761801588155
51059440501,3,0.022,0.4925899235696282
51059490502,3,0.005,0.7025506164010352
51059451100,0,0.291,-0.07603090261768666
51059491403,0,0.057,0.5906830694851885
51059471204,3,0.001,0.9612912645502045
51059431500,0,0.15,0.3052277549776489
51059432201,3,0.017,0.4947686906950003
51059471301,3,0.001,0.8290835185930641
51059480100,3,0.001,1.0770597574324614
51059430801,0,0.17,0.2485512837571092
51061930402,0,0.416,-0.030795103046682103
51059450701,0,0.136,-0.29385411742970646
51059482205,0,0.116,0.5625858626463177
51061930404,0,0.468,-0.017422847393799675
51059491803,3,0.005,0.39783599868542163
51059450300,0,0.078,0.08544224401886273
51059480502,0,0.172,0.32143058916256756
51059452801,1,0.035,0.4338035474573201
51059460504,3,0.001,0.869651001581845
51059432000,3,0.005,0.30084243966413793
51059431802,3,0.026,0.4904570216179851
51059460600,3,0.002,0.7933227598155403
51059440702,0,0.294,0.18671045964019378
51059491706,3,0.002,0.34675982147741985
51059492400,3,0.019,0.09235062471328406
51059430203,3,0.026,0.4020241799978338
51059491705,3,0.002,0.8901313865381899
51059461500,3,0.031,0.6429293090972172
51059482601,3,0.003,0.8538485134790197
51059461100,3,0.001,0.9867847880297733
51059460200,3,0.001,1.0778399345283063
51059432600,3,0.017,0.754625155962977
51059471203,3,0.001,1.2870565719117497
51059432300,3,0.02,0.5142636382248441
51059440201,0,0.185,0.31021925553952157
51059481400,3,0.017,0.4599984635111629
51059492100,3,0.005,0.5701075843486538
51059460100,3,0.001,0.836394381322691
51059431602,0,0.311,0.037227409735547556
51059482302,4,0.004,-0.5132905132050514
51059480902,3,0.02,0.03449414443271746
51059422403,3,0.024,0.30641897073168334
51059491102,0,0.117,0.2406021454981492
51059452802,0,0.478,0.0007798463952024079
51059470500,3,0.001,1.0685788029080874
51059480903,0,0.13,0.08923846111314578
51059492500,0,0.152,0.342438052524853
51059471304,3,0.018,0.5781492190009557
51059481702,3,0.002,0.863188131239506
51059460501,3,0.001,1.0279151220979919
51059480504,3,0.002,0.8455058999614434
51059431801,3,0.024,0.36323600490560515
51059482204,3,0.008,0.6467789438516273
51059491303,0,0.104,0.031046176088054416
51059422201,0,0.176,0.26137946136346735
51059492201,0,0.066,0.4565701792411499
51061930705,0,0.117,0.2663018893747287
51059450601,0,0.326,0.13294767221242587
51059431601,0,0.171,-0.20668062417198935
51059461801,3,0.021,0.630111611685807
51059421702,0,0.161,-0.06257507255106368
51059481105,3,0.002,1.2199038328720906
51059480901,0,0.145,-0.039583554403737925
51059450800,0,0.425,3.4409989923649104e-05
51059432402,3,0.021,0.5520932352146589
51059431001,3,0.021,0.2029116334931169
51061930707,0,0.083,0.2713124285872237
51059440504,0,0.359,-0.19427548759258917
51059490101,0,0.093,0.11701190505397774
51059451200,0,0.495,0.03068503411894789
51061930303,0,0.406,-0.034694284768857754
51059451800,0,0.267,-0.022762492765791235
51061930205,0,0.228,0.10250902117709593
51059430202,3,0.022,0.1660490890870012
51059460300,3,0.002,1.1367583209498897
51059480205,3,0.001,1.357642387858437
51061930306,0,0.278,-0.09251245822383301
51059440505,0,0.263,0.20695557631822264
51059421701,0,0.256,0.19003083956339753
51059491802,3,0.002,0.6383034813006808
51059440202,3,0.003,0.3076996842530579
51059482604,3,0.004,0.8921899101667153
51059461901,3,0.032,0.14609621841670367
51059432800,0,0.239,0.19260372097561215
51059470600,3,0.001,0.6227814097356172
51059491101,0,0.133,0.4084692176711196
51059490105,0,0.056,0.39303461192571415
51059481102,3,0.01,0.7000186379950555
51059482503,3,0.001,1.259361197015255
51059480301,3,0.001,1.1761508013647421
51059432100,3,0.014,0.4163139707660173
51059480505,3,0.025,0.765105972568398
51059450602,0,0.414,-0.03346940494684707
51059491202,0,0.166,0.08691526330886827
51059482506,0,0.08,0.22045766635060213
51059440100,3,0.011,0.5281169070864874
51059470900,3,0.001,0.8458154009254742
51059460701,3,0.002,0.4007631461021761
51059471100,3,0.001,0.9402525086260953
51059491501,3,0.022,0.5917102078835034
51059491000,0,0.064,0.43766555436399573
51059452400,0,0.183,-0.048799792845482026
51059482303,3,0.023,0.5713198295775307
51059460400,3,0.001,1.0525280828064205
51059432401,3,0.015,0.6244621407069055
51059452000,0,0.169,-0.10478021290839518
51059432702,0,0.093,0.18549692063007264
51059440503,0,0.168,0.020531581944348013
51059422302,3,0.012,0.3163772128289741
51059452700,0,0.111,0.24204147782901264
51059481106,3,0.009,0.7830831175217099
51059430901,0,0.067,0.19317360154440155
51059422102,0,0.402,-0.01380751123189696
51059461606,0,0.079,0.4183268844501743
51061930101,0,0.201,0.31126778061463595
51059492000,3,0.014,0.7671535570403484
51059451501,0,0.156,0.3337696467836758
51059490104,3,0.005,0.057397358131597145
51061930706,0,0.058,0.7482534601510301
51059491402,3,0.03,0.35607704748696073
51061930207,0,0.14,0.1701951357375298
51059440701,3,0.015,0.6202610470096636
51059450702,0,0.214,0.24510627736983542
51059431300,3,0.011,0.3079501091871876
51059482505,3,0.002,1.2615503878468495
51059430400,0,0.199,0.19920524151367355
51061930304,0,0.237,0.12343248365861946
51059480802,3,0.024,0.5819190734523332
51059450900,0,0.23,0.23025312090137917
51059460702,3,0.002,0.7122215047247741
51059491301,0,0.476,0.003356901821648836
51059452102,0,0.062,0.1572134219964844
51059452501,0,0.374,-0.006722696495818827
51059422000,0,0.139,-0.1011856490624641
51059482002,3,0.018,0.6971390592770751
51059482603,3,0.004,0.817775659793044
51059440800,0,0.495,0.01865464590688389
51061930704,0,0.095,0.23198030764755556
51059432500,3,0.004,0.7322033650772354
51059452301,0,0.268,0.2055038327822742
51059481500,3,0.003,0.7604137204197172
51059461802,0,0.099,0.4669097525234146
51059482100,3,0.004,0.3659892371621549
51059431400,0,0.061,0.3401512714680645
51059491602,3,0.012,0.02463269702815431
51061930206,0,0.329,0.019107677671569883
51059450200,0,0.411,-0.11699662783527665
51059422401,3,0.013,0.3115143161303904
51059481101,0,0.079,0.6487858932145755
51059490501,3,0.03,0.3151376189376654
51059491801,3,0.002,0.4662799449217901
51059491703,3,0.004,0.7683132706080517
51059430700,0,0.258,0.07109346197088255
51059422301,3,0.017,0.539355118605881
51059491201,0,0.196,-0.0243263377696335
51059470800,3,0.002,1.067952986319435
51059480503,3,0.018,0.7483709192376753
51059452101,0,0.228,-0.06401909570586889
51061930703,0,0.057,0.2747366044697361
51059480501,0,0.059,0.6041230173084808
51059421900,0,0.222,0.03045010558482978
51059450100,0,0.23,-0.1650068052353274
51059481000,4,0.026,-0.46905643356979043
51059480402,3,0.013,0.8286085427090873
51059480203,3,0.001,0.7484252166974749
51059430600,0,0.369,-0.019645208468249926
51061930305,0,0.38,0.03306271859065493
51059482001,3,0.025,0.7449164786849376
51059461605,0,0.056,0.7087897678090546
51059480201,3,0.002,1.2540313846983764
51059481701,3,0.002,1.2296114119755188
51059480801,0,0.255,-0.02155798334117355
51059491401,0,0.085,0.2166637014326255
51059491704,3,0.004,0.8309915959069943
51059470300,3,0.002,1.0333247513611972
51059481103,3,0.014,0.17838150078584744
51059491601,3,0.008,0.1400967794678212
51059491701,3,0.004,0.810227413806702
51059492202,3,0.005,0.8525483523873267
51059432701,3,0.033,0.5309768181571086
51059470100,3,0.001,1.289446462811848
51059431900,0,0.051,0.45361730390426913
51059482502,3,0.001,1.2478628179948148
51059491103,0,0.121,-0.0337630341473385
51059491707,3,0.007,0.5688991759459958
51059432202,3,0.035,0.3708726163133675
51059440600,0,0.302,0.1155056692486388
51059431002,3,0.047,0.21239624350571445
51059452200,0,0.136,0.32318319630415887
51059461902,0,0.156,-0.27344940666213396
51059482504,3,0.001,1.4575957418482033
51059492203,3,0.028,0.6393442167528943
51059422202,0,0.376,-0.06686113574138525
51059421800,0,0.481,-0.034646614304816116
51059481202,4,0.037,-0.2702801663025749
51061930204,0,0.408,0.013649707393877882
51059422402,3,0.044,0.5223659869438881
51059451000,0,0.326,0.06256182436386573
51059460900,3,0.002,0.8690269561071379
51059482400,3,0.002,1.0228539929678915
51061930203,1,0.003,0.1434027559739845
51059470700,3,0.002,1.1834665735746956
51059461201,0,0.062,0.6085735472704752
51059482201,4,0.003,-0.2702867550223887
51059460800,3,0.002,0.6717178549971583
51059430102,3,0.02,0.4124220963892132
51059430201,3,0.022,0.48820078253503857
51059492300,3,0.005,0.645551716030241
51059430802,0,0.063,0.27422932814469675
51059481900,3,0.012,0.456974009590498
51059452600,0,0.311,0.08968764909520718
51059450400,0,0.388,0.07470969308608318
51059451502,0,0.06,0.10855184364564445
51059471000,3,0.006,1.0462838663384109
51059481600,3,0.007,0.8878728139627391
51059481201,3,0.039,0.6139051723721981
51059470400,3,0.002,1.147214967834112
51059491502,3,0.029,0.7126540430583717
51059481104,3,0.036,0.6274564121572461
51059451602,0,0.116,-0.03972149934326501
51059451900,0,0.395,-0.05043247508356707
51059451400,0,0.055,-0.8638679706668386
51059482206,4,0.006,-0.023748789383785142
51059422101,0,0.104,-0.20326589392097513
51059451300,0,0.421,0.05674486287025171
51061930405,0,0.45,0.001436053592096627
51059471401,0,0.211,0.11960907804587406
51059482507,3,0.035,0.5948950988129503
51059482203,0,0.107,0.4378467910181913
51059461603,3,0.018,0.763556171028732
51059480401,3,0.002,1.1403735720418913
51059430902,3,0.049,0.18498518508524792
51059491404,0,0.12,0.40253800786257965
51059461000,3,0.002,0.8998861383697666
51059471303,3,0.015,0.5080320883242622
51059491302,0,0.137,0.1949888400260331
51059461202,0,0.214,0.24769380566028779
51061930102,0,0.346,0.0021251832084379888
51059452502,0,0.484,-0.025127570515867496
51059450500,0,0.165,0.0658585355330296
51059461604,3,0.006,0.6013517170009057
51059452302,0,0.385,0.13387028526711803
51059451601,0,0.15,0.9761104147982915
51059461700,3,0.006,0.6493324492664474
51059460503,3,0.002,0.8908224108578113
51153901235,0,0.382,0.1008394314293355
51153901228,0,0.475,-0.001511420645082441
51107611202,0,0.146,0.2732677283823428
51107611502,0,0.248,0.07039773037296188
51107611300,0,0.474,-0.0067211191450570725
51153901420,0,0.302,-0.08877778797316284
51153900904,0,0.153,-0.06791524710019903
51153901219,0,0.399,-0.032421602527736626
51107611204,0,0.136,-0.11242582113324028
51107611206,0,0.196,0.23259385979863004
51153901416,0,0.288,0.001774221221365861
51153901009,0,0.255,-0.1075714446297117
51107611805,3,0.018,0.5002594354072027
51153901015,0,0.176,0.08395475811712488
51107610506,0,0.194,-0.022514357168174105
51107610703,0,0.365,0.04913333876150405
51153901900,0,0.11,0.34243675162825976
51157950100,1,0.002,1.2392433390241755
51153901505,0,0.252,0.12282938167159205
51153901602,1,0.015,0.3107497491047279
51107611011,0,0.128,0.21718357596878346
51107611006,0,0.076,0.26444293613086683
51107610601,0,0.411,0.010681790803757831
51153901417,0,0.078,0.06902706294758992
51153901016,0,0.322,-0.001189608459588397
51153901230,0,0.151,0.11634122911443391
51107611205,0,0.473,0.0014952289143314956
51153901102,0,0.113,0.14618261205881652
51153901415,0,0.153,0.2255907860375669
51107611102,0,0.255,0.16848989036832712
51107611901,3,0.005,1.051423006064756
51107611028,3,0.005,0.962409835363257
51107611207,0,0.352,0.10457165845980944
51153901303,0,0.154,-0.11101321770960586
51107610701,0,0.333,0.14132884163313023
51107611808,3,0.006,0.5693752496419908
51107611701,0,0.404,0.017300525663677194
51153901012,0,0.304,0.05021205940613671
51153901013,0,0.151,0.12542446141007954
51153900202,1,0.002,0.6234953543774933
51107611027,3,0.001,0.5963562057731552
51153900601,1,0.034,0.9942987051545689
51107611018,0,0.178,-0.15286572994051822
51153900702,1,0.047,0.05106191441745869
51107611813,3,0.01,0.7548154073299134
51153900502,2,0.036,-0.4166500857923911
51153901226,0,0.15,-0.013789644252060048
51153901223,0,0.343,-0.018483205450766798
51153901508,0,0.149,-0.047323997601717425
51107610602,0,0.318,0.1614755387045383
51107611602,0,0.456,-0.08767544040969634
51107611009,0,0.208,0.23004536719189705
51153901703,1,0.011,0.4581242837949422
51107611208,3,0.043,0.47748478951735646
51153901221,0,0.241,-0.03844793824836978
51107611020,0,0.195,0.23563941888864687
51107611029,3,0.002,0.8458362774198533
51107611810,3,0.002,0.9449840413384497
51153901601,1,0.018,1.5009960422612763
51107611032,3,0.002,0.5039742557937033
51153901409,0,0.118,-0.10411385405748098
51107610900,4,0.009,-0.06391651871777422
51107611101,0,0.209,0.032000809279713216
51107610300,0,0.442,0.04193036439210995
51107610604,0,0.284,0.11321252753940891
51153900408,0,0.227,0.016637541258329794
51153901418,0,0.169,0.17754143762388835
51153900203,1,0.002,1.9465775823769595
51107610507,0,0.297,0.09430065945993386
51107610702,0,0.24,0.015922410978582723
51107610504,0,0.465,0.021488829000350377
51153900503,1,0.011,1.4733016640069851
51153901704,1,0.032,0.7615437430877778
51107611015,0,0.382,0.08431276227964034
51107610603,0,0.3,-0.07552106392230765
51153901005,0,0.361,-0.05384983520626508
51153900302,1,0.028,0.6114068271221831
51153901509,0,0.188,0.16031761437621136
51107611702,0,0.204,-0.27103703015466096
51153901304,0,0.348,0.0162846870036665
51153901224,0,0.224,-0.1346030843640655
51153901306,0,0.399,-0.004434957193656506
51107611811,3,0.006,0.7372590806380455
51153901010,0,0.382,-0.044861961245765344
51107610400,0,0.419,0.013845363657337715
51153901233,0,0.5,-0.0007729479878368741
51153901231,0,0.173,-0.11425920693638414
51153900801,0,0.491,0.012751914472825018
51153901507,0,0.163,0.04598145507701047
51107610201,0,0.354,-0.05599231812962562
51153900410,0,0.223,0.03968038964445105
51107610505,0,0.208,-0.31098218061836536
51107611902,3,0.004,1.0295443040530825
51107611812,3,0.002,0.811820741698635
51153901237,0,0.48,0.015042867132098495
51153901503,0,0.194,0.11081379846070782
51153900301,0,0.057,0.4767576185526533
51153900602,1,0.005,1.240355370433925
51107611030,3,0.001,0.7463056006904455
51107611807,3,0.006,0.7529145718845291
51153900905,0,0.113,0.032629847207623526
51107611803,3,0.019,0.5078347256843365
51153900409,0,0.167,0.12993638188146003
51153901413,0,0.083,0.2602954460650593
51157950200,1,0.018,0.9933231478555756
51107611804,3,0.018,0.2977108911853365
51107611014,0,0.138,0.23243508266768587
51107611501,0,0.45,0.004773706819300363
51107610102,0,0.325,-0.03303690601635815
51107611026,3,0.001,1.0070750323356532
51107611019,3,0.018,0.5720106738580537
51153900803,0,0.256,0.15517915354279013
51107611023,3,0.004,0.8759716474130769
51153901419,0,0.085,0.8290302623968354
51153901412,0,0.095,0.2895521437519834
51153901511,0,0.192,0.1706909741236788
51153901234,0,0.284,-0.016592034668558922
51153901702,1,0.026,1.2051654065988102
51153901305,0,0.306,-0.011393523580808664
51153901510,0,0.233,0.16591532306825918
51153901421,0,0.208,0.14047363936794438
51107611005,3,0.019,0.5189223525806432
51153900201,1,0.003,1.1716721755991493
51153901504,0,0.233,-0.03074933605483919
51153901225,0,0.291,-0.03889920815639784
51153901014,0,0.452,-0.0201828042478684
51107611809,3,0.001,0.9587330176981117
51107611031,3,0.002,1.006201437234757
51153901506,0,0.16,0.03826958334482585
51107610800,0,0.351,-0.01847440711921834
51107611010,4,0.049,-0.3683280609521769
51153901209,0,0.132,0.2651468956992947
51107611601,0,0.429,-0.011914754232265014
51107611004,3,0.039,0.4755450951753972
51107611400,0,0.403,-0.08134520273432058
51153901222,0,0.179,0.03189871314840981
51153901208,0,0.133,0.21480125779705625
51153901411,0,0.237,0.17342296711262312
51153901414,0,0.077,0.2195158747468702
51107611002,0,0.301,0.016360911146325582
51107610503,0,0.421,0.07042415228584838
51153901232,0,0.297,-0.0073130302985829005
51153901101,0,0.136,0.13200917069542162
51107611209,0,0.081,0.30795146157174647
51153900407,0,0.215,0.15199082907210062
51153901229,0,0.243,0.02705198882144162
51107610101,0,0.077,-0.10158362648533911
51153901407,1,0.037,0.3810118832477024
51107611017,0,0.102,0.14669768826382662
51153901211,0,0.478,-0.06562156826073183
51107611022,3,0.001,0.6884154832860296
51107611012,0,0.129,0.37480070167747925
51153900403,1,0.029,0.45136771291356287
51153900404,0,0.243,0.32008199474264404
51153901212,0,0.33,0.07857547859194909
51153901227,0,0.11,0.24355129417626298
51107611013,0,0.066,0.25788507746697
51107611016,0,0.147,0.18222371406713267
51153901403,1,0.033,0.3218046519116969
51153901236,0,0.474,0.0024015977154010757
51107610202,0,0.181,-0.19095804590977136
51153900901,0,0.191,0.46019425106093786
51179010503,0,0.429,0.010952649026537723
51600300400,0,0.492,0.008639635117919212
51510200900,0,0.062,0.5717984428174533
51177020109,1,0.038,0.48475187572047357
51510201000,0,0.083,0.5393340855748641
51177020104,0,0.11,0.07320086432546427
51600300100,0,0.308,-0.102080895160484
51510201100,0,0.061,0.0010654676906766826
51510200201,3,0.031,0.29764704341945647
51177020316,0,0.11,0.021065660220972338
51179010103,0,0.262,-0.022303991611532212
51179010105,0,0.418,-0.013776701639563743
51177020407,0,0.063,0.19010696653725428
51510200108,0,0.263,0.00947398329385712
51510200404,0,0.38,-0.09832838031754257
51630000400,0,0.101,0.3210030044244949
51510200106,0,0.421,-0.05776335003545856
51179010211,0,0.239,0.08288301975519388
51177020404,1,0.018,0.8362356162538462
51179010504,0,0.121,0.42155012843243955
51600300200,0,0.118,0.14208990752268358
51510202001,3,0.017,0.7751564401014738
51510200301,0,0.217,-0.005468053860311251
51177020403,1,0.012,0.8843804112966693
51510202002,3,0.033,0.6623054265791506
51187020300,1,0.006,1.4528618520104841
51179010308,0,0.239,0.005184112514420296
51510201802,4,0.002,-0.1354489295275039
51187020400,1,0.004,1.8353804583608493
51510200406,0,0.166,-0.10504765464874767
51179010307,0,0.055,-0.14958747176678278
51510200304,0,0.345,0.0910304930199255
51510201206,4,0.017,-1.2465051172286923
51179010218,0,0.5,-0.0035328990439372604
51510201400,3,0.001,0.8664858770520013
51510201602,3,0.007,0.3633166081418955
51177020110,1,0.034,0.8132468955040347
51510200704,3,0.032,0.6187945811278069
51630000201,0,0.13,0.30857279818034933
51177020203,1,0.038,0.08676568951738821
51510200600,3,0.029,0.033898929058347065
51177020405,0,0.053,0.7062027407344061
51510200802,4,0.006,-0.04812267784098368
51510200111,0,0.063,0.2157910519577402
51179010217,0,0.402,-0.01858899701367824
51179010301,0,0.35,0.018098214450163755
51187020602,1,0.008,1.6331196361275968
51187020101,1,0.002,0.28807213724034164
51600300500,0,0.275,0.11056575194455832
51630000302,0,0.094,0.3753057372781785
51179010405,0,0.239,-0.0730851876267428
51179010106,0,0.479,0.00872961843747109
51179010502,0,0.123,0.09179574862673462
51177020309,0,0.084,0.19406329327352598
51177020406,0,0.063,0.8487028705323343
51177020206,0,0.06,0.1045570083097928
51510201803,3,0.017,0.9084591061364531
51600300300,0,0.11,0.07104628477617157
51179010219,0,0.448,-0.010338568676737178
51177020314,0,0.063,0.2979395745674217
51510201900,3,0.018,0.6931729160664515
51179010215,0,0.228,0.21994113928129208
51510200408,0,0.225,-0.06442043776998252
51510200202,0,0.262,0.25125252576364693
51630000100,0,0.09,-0.20334962777011162
51510201805,0,0.18,0.22706187957985133
51177020207,0,0.116,0.37508923339687994
51177020113,0,0.063,0.3174115485649093
51510201300,3,0.004,0.941418117992926
51630000500,0,0.061,0.331897094865453
51510200801,3,0.027,0.41390224595457514
51187020102,1,0.047,0.9936487130330426
51177020107,1,0.029,0.10074123544565777
51510200407,0,0.199,-0.07155404213223723
51179010107,0,0.19,0.10890959768321924
51177020311,0,0.059,1.231649392291141
51510201804,3,0.006,0.8106706821028722
51510201205,0,0.063,-0.07990385980999239
51510200703,3,0.001,0.6812395523424234
51177020307,1,0.037,0.531646193003842
51177020315,1,0.028,0.042255705734058194
51510200701,3,0.042,0.6048518874084393
51187020500,1,0.004,1.8872525242382605
51187020200,1,0.002,0.565574685739191
51610500100,3,0.006,0.6834668671908167
51510200104,0,0.167,0.2446918737960534
51179010404,0,0.217,-0.07633312315038777
51510201204,0,0.099,0.27734811722953134
51187020700,1,0.004,1.0714082617920617
51510201601,3,0.009,0.5999790354122692
51179010214,0,0.412,0.019517818146639512
51510200105,0,0.346,-0.06850318257903852
51179010305,0,0.397,0.024930817012602833
51510200102,0,0.123,0.16495475518269767
51610500300,0,0.099,0.3754651367901127
51510201500,3,0.012,0.5258078316835992
51630000301,0,0.073,0.04696079478334574
51510200110,0,0.082,0.5878494646680016
51510200302,0,0.268,0.037056725231769
51177020305,0,0.05,0.24634067275851354
51510200305,0,0.456,0.01609298524036431
51510200109,0,0.278,0.09419387363861312
51510200500,0,0.078,-0.14761496787617326
51179010201,0,0.199,0.7858724639628522
51177020111,1,0.042,0.49852321635139385
51510200409,0,0.259,-0.16718481052548662
51510200705,3,0.026,0.7579586111985108
51179010403,0,0.162,0.014188378837147353
51179010206,0,0.202,0.10668903735438513
51179010108,0,0.134,0.015308867593458876
51510200403,0,0.452,0.07775674773188317
51187020601,1,0.003,1.1919623664247974
51177020313,0,0.126,0.5668913972549656
51179010210,0,0.452,0.026179222476664876
51177020201,0,0.073,0.3202246538759279
51179010406,0,0.225,0.04209031246253619
51630000202,0,0.216,0.3248871019282615
51179010202,0,0.165,0.11885937928278548
51510201202,0,0.155,0.4139451902314232
51179010304,0,0.163,0.26141822278367366
51179010212,0,0.176,0.025690051317669594
51177020105,0,0.153,0.016207466084793332
51177020114,1,0.034,0.2175068166121166
51179010306,0,0.162,0.14905355151305838
51179010213,0,0.296,-0.10884104607134175
51177020112,1,0.04,0.44189109267318427
51177020312,1,0.035,0.16506602013455876
51177020408,0,0.061,0.16170026230742254
51177020308,0,0.099,0.30828237841328526
51179010216,0,0.287,0.2572486436549478
51683910201,1,0.029,0.3370001767365094
51683910402,0,0.133,-0.05932399409900565
51683910202,1,0.009,0.37207383543271766
51683910401,0,0.209,0.2715373051917065
51683910100,0,0.084,0.1423039199526432
51683910301,1,0.039,0.4136603738872946
51683910302,0,0.195,0.11040681855700968
51685920201,1,0.019,0.5665733391635074
51685920100,1,0.011,1.8114574571412294
54037972204,1,0.003,1.2897398280522836
54037972201,1,0.002,0.357107343597497
54037972601,1,0.003,1.2821584626222906
54037972503,1,0.001,1.4282901577478353
54037972402,1,0.003,2.298553988275049
54037972800,1,0.003,1.289716160955862
54037972300,1,0.003,2.319502067317892
54037972203,1,0.003,1.298597067231118
54037972602,1,0.001,0.534978077432102
54037972702,0,0.075,0.7394399259694757
54037972401,1,0.003,2.7709048863946006
54037972701,1,0.005,1.9601984827188885
54037972505,1,0.001,2.2602118681022065
54037972501,1,0.001,0.886653645474976
54037972506,1,0.001,1.7197178554247283
